digit_label,time_seconds,x,y
4,0.04608035087585449,320,403
4,0.05250072479248047,320,402
4,0.05531668663024902,320,401
4,0.057326316833496094,320,401
4,0.06053900718688965,320,400
4,0.0616145133972168,320,399
4,0.06340932846069336,320,398
4,0.06555056571960449,320,397
4,0.06670546531677246,320,396
4,0.06847500801086426,320,396
4,0.06933426856994629,320,395
4,0.07117795944213867,320,394
4,0.07315778732299805,320,393
4,0.07410478591918945,320,392
4,0.07620549201965332,320,391
4,0.07721471786499023,320,390
4,0.07827615737915039,320,390
4,0.0801084041595459,320,389
4,0.08111166954040527,319,388
4,0.08213019371032715,319,387
4,0.08416032791137695,319,386
4,0.08512163162231445,319,385
4,0.08610057830810547,319,384
4,0.0870511531829834,319,384
4,0.08803343772888184,319,383
4,0.08902835845947266,318,382
4,0.09005045890808105,318,381
4,0.09104299545288086,318,380
4,0.09201169013977051,318,379
4,0.09307360649108887,318,378
4,0.09413838386535645,318,378
4,0.0951242446899414,318,375
4,0.0961153507232666,318,374
4,0.09685683250427246,318,374
4,0.0980997085571289,318,373
4,0.09884977340698242,318,372
4,0.09978151321411133,318,370
4,0.10088539123535156,318,369
4,0.10193014144897461,318,368
4,0.10282659530639648,318,367
4,0.10382509231567383,318,366
4,0.10486912727355957,318,365
4,0.10590744018554688,318,364
4,0.10691094398498535,317,363
4,0.10792112350463867,317,361
4,0.10901522636413574,317,360
4,0.10993003845214844,317,359
4,0.11099648475646973,317,358
4,0.11192107200622559,317,358
4,0.11287856101989746,317,357
4,0.11387419700622559,317,356
4,0.11491870880126953,317,355
4,0.11769962310791016,316,354
4,0.11789560317993164,316,353
4,0.11881828308105469,316,353
4,0.11986088752746582,316,352
4,0.1208646297454834,316,351
4,0.12296080589294434,316,350
4,0.12499117851257324,316,349
4,0.12589263916015625,316,348
4,0.12691068649291992,316,348
4,0.12795281410217285,316,347
4,0.13032817840576172,316,346
4,0.13149476051330566,316,345
4,0.13306188583374023,316,344
4,0.13456439971923828,316,343
4,0.13591837882995605,316,343
4,0.1369030475616455,316,342
4,0.1389014720916748,316,341
4,0.13991570472717285,316,340
4,0.14191150665283203,316,339
4,0.142899751663208,316,338
4,0.14504265785217285,316,337
4,0.1459202766418457,316,337
4,0.1478886604309082,316,336
4,0.14998483657836914,316,335
4,0.1511833667755127,316,334
4,0.1529555320739746,316,333
4,0.15390467643737793,316,332
4,0.15598440170288086,316,332
4,0.15801644325256348,316,331
4,0.15999341011047363,316,330
4,0.16093897819519043,316,329
4,0.1619555950164795,316,328
4,0.16397428512573242,316,327
4,0.1660144329071045,316,327
4,0.1680281162261963,316,326
4,0.1689298152923584,316,325
4,0.17096233367919922,316,324
4,0.1718730926513672,316,323
4,0.17393183708190918,316,322
4,0.1749124526977539,316,322
4,0.17710566520690918,316,321
4,0.17902374267578125,316,320
4,0.1798865795135498,316,319
4,0.18090105056762695,316,318
4,0.18188858032226562,316,317
4,0.1841573715209961,316,317
4,0.18591904640197754,316,316
4,0.18705129623413086,316,315
4,0.18789052963256836,316,314
4,0.1899709701538086,316,313
4,0.1920030117034912,316,312
4,0.19292831420898438,316,312
4,0.19395041465759277,316,311
4,0.19492650032043457,316,310
4,0.19696903228759766,316,309
4,0.1979658603668213,316,308
4,0.1989133358001709,316,307
4,0.19998979568481445,316,306
4,0.20198583602905273,316,306
4,0.20286846160888672,316,305
4,0.20386815071105957,316,304
4,0.20492029190063477,316,303
4,0.2069230079650879,316,302
4,0.20789623260498047,316,301
4,0.20891308784484863,316,301
4,0.2099170684814453,316,300
4,0.2122654914855957,316,299
4,0.2130138874053955,316,298
4,0.2141098976135254,316,297
4,0.21505165100097656,316,296
4,0.21776890754699707,316,296
4,0.2179427146911621,316,295
4,0.21900200843811035,316,294
4,0.2207932472229004,316,293
4,0.22090768814086914,316,292
4,0.2230839729309082,316,291
4,0.22392034530639648,316,290
4,0.22607898712158203,316,290
4,0.22694849967956543,316,289
4,0.2279067039489746,316,288
4,0.2288799285888672,316,287
4,0.23096323013305664,316,286
4,0.23189210891723633,316,285
4,0.23285889625549316,316,285
4,0.23461055755615234,317,284
4,0.23520731925964355,317,283
4,0.23650240898132324,317,282
4,0.2370924949645996,317,281
4,0.23797225952148438,317,280
4,0.24001359939575195,317,279
4,0.2421882152557373,317,278
4,0.2430260181427002,317,277
4,0.24504470825195312,317,276
4,0.24721765518188477,318,275
4,0.24763011932373047,318,274
4,0.24875760078430176,318,273
4,0.24993252754211426,318,272
4,0.25195789337158203,318,271
4,0.2528560161590576,318,270
4,0.2538008689880371,319,270
4,0.2558903694152832,319,269
4,0.2567934989929199,319,268
4,0.2581367492675781,319,267
4,0.2590360641479492,319,266
4,0.26159048080444336,319,265
4,0.2628970146179199,319,264
4,0.264758825302124,319,264
4,0.26575541496276855,319,263
4,0.2679116725921631,320,262
4,0.2693827152252197,320,261
4,0.2709217071533203,320,260
4,0.2718219757080078,320,259
4,0.27282071113586426,320,258
4,0.27388596534729004,320,258
4,0.2759103775024414,320,257
4,0.2779359817504883,320,256
4,0.2789461612701416,320,255
4,0.28144168853759766,320,254
4,0.2824718952178955,320,253
4,0.284848690032959,320,253
4,0.2857706546783447,320,252
4,0.2867424488067627,321,251
4,0.28889989852905273,321,250
4,0.29210591316223145,321,248
4,0.2938356399536133,321,247
4,0.29474329948425293,321,247
4,0.2967221736907959,321,246
4,0.298785924911499,321,245
4,0.2997860908508301,321,244
4,0.30193138122558594,321,243
4,0.3028581142425537,321,242
4,0.30495452880859375,321,242
4,0.3069744110107422,321,241
4,0.3077714443206787,322,240
4,0.3098025321960449,322,239
4,0.31076717376708984,322,238
4,0.3117952346801758,322,237
4,0.31279492378234863,322,237
4,0.31508469581604004,322,236
4,0.31573939323425293,322,235
4,0.31748056411743164,322,235
4,0.31805920600891113,322,234
4,0.318727970123291,322,233
4,0.3197357654571533,322,231
4,0.32172536849975586,322,230
4,0.32378411293029785,322,228
4,0.3247206211090088,323,226
4,0.32668185234069824,323,225
4,0.3276176452636719,323,223
4,0.32959413528442383,323,222
4,0.33058857917785645,323,222
4,0.33158183097839355,323,221
4,0.33260083198547363,323,220
4,0.3335762023925781,323,219
4,0.3357982635498047,323,217
4,0.3378438949584961,324,216
4,0.33885860443115234,324,216
4,0.33985161781311035,324,215
4,0.3408834934234619,324,214
4,0.3430304527282715,324,213
4,0.3439910411834717,324,212
4,0.3451120853424072,324,211
4,0.34784817695617676,325,211
4,0.3480367660522461,325,210
4,0.3497278690338135,325,209
4,0.350691556930542,325,208
4,0.35207366943359375,325,207
4,0.35410046577453613,325,206
4,0.3551974296569824,325,206
4,0.35706114768981934,325,205
4,0.359022855758667,325,203
4,0.3610351085662842,326,203
4,0.36191248893737793,326,202
4,0.3629024028778076,326,201
4,0.3649559020996094,326,200
4,0.365947961807251,326,200
4,0.3685016632080078,326,199
4,0.3697068691253662,327,199
4,0.370166540145874,327,198
4,0.3716905117034912,327,197
4,0.37299656867980957,327,196
4,0.3739595413208008,327,195
4,0.3760364055633545,327,195
4,0.3780691623687744,327,194
4,0.38086581230163574,327,193
4,0.38259124755859375,327,192
4,0.3830881118774414,327,191
4,0.3851282596588135,327,190
4,0.386946439743042,327,190
4,0.38893604278564453,327,189
4,0.3918893337249756,327,188
4,0.39223647117614746,327,187
4,0.39498281478881836,327,186
4,0.39598608016967773,328,186
4,0.39683103561401367,328,185
4,0.3978383541107178,328,185
4,0.399890661239624,328,184
4,0.40088534355163574,328,183
4,0.4040989875793457,328,182
4,0.40498971939086914,328,181
4,0.40601229667663574,328,180
4,0.40789008140563965,328,180
4,0.41102170944213867,328,179
4,0.412243127822876,328,178
4,0.4134080410003662,328,177
4,0.4150364398956299,328,176
4,0.4176795482635498,328,175
4,0.4189441204071045,328,174
4,0.4199550151824951,328,174
4,0.42089056968688965,328,173
4,0.42284584045410156,328,172
4,0.423961877822876,328,172
4,0.4248678684234619,328,171
4,0.42594051361083984,328,170
4,0.42701172828674316,328,169
4,0.42801904678344727,328,169
4,0.42990636825561523,328,168
4,0.4308910369873047,328,166
4,0.4328927993774414,328,165
4,0.4350261688232422,328,164
4,0.4362180233001709,328,163
4,0.43743371963500977,328,162
4,0.4379422664642334,328,161
4,0.44000887870788574,328,161
4,0.4409677982330322,328,160
4,0.44196414947509766,329,160
4,0.44309568405151367,329,159
4,0.44424986839294434,329,158
4,0.4459495544433594,329,157
4,0.4469883441925049,329,156
4,0.44822168350219727,329,156
4,0.4493892192840576,329,155
4,0.4510657787322998,330,154
4,0.4530036449432373,330,153
4,0.45395946502685547,330,152
4,0.455000638961792,330,151
4,0.4569203853607178,330,151
4,0.4590027332305908,330,150
4,0.45994091033935547,330,149
4,0.4618661403656006,330,148
4,0.46283817291259766,330,147
4,0.4659848213195801,330,146
4,0.467987060546875,330,146
4,0.4692988395690918,330,145
4,0.47089362144470215,330,144
4,0.4730260372161865,330,143
4,0.4749484062194824,330,142
4,0.4769103527069092,330,141
4,0.4789998531341553,330,141
4,0.48203039169311523,330,140
4,0.48433876037597656,331,140
4,0.48491382598876953,331,139
4,0.4868791103363037,331,138
4,0.4888589382171631,331,137
4,0.49204349517822266,331,136
4,0.49490785598754883,331,136
4,0.4978766441345215,331,135
4,0.501166820526123,331,134
4,0.5039806365966797,331,133
4,0.506967306137085,331,132
4,0.5099709033966064,331,131
4,0.5118560791015625,331,131
4,0.5140273571014404,331,130
4,0.5177695751190186,331,129
4,0.5199615955352783,331,128
4,0.5232007503509521,331,127
4,0.5251138210296631,331,126
4,0.5271391868591309,331,126
4,0.5299649238586426,331,125
4,0.5320289134979248,331,124
4,0.5347700119018555,331,123
4,0.5352027416229248,331,122
4,0.536996603012085,331,121
4,0.5392487049102783,331,120
4,0.542168378829956,331,120
4,0.544288158416748,331,119
4,0.5462822914123535,331,118
4,0.5502734184265137,331,117
4,0.5532162189483643,331,116
4,0.556276798248291,331,115
4,0.559161901473999,331,115
4,0.5630698204040527,331,114
4,0.5661418437957764,331,113
4,0.568143367767334,330,113
4,0.5693447589874268,330,112
4,0.5732269287109375,330,111
4,0.5750274658203125,330,110
4,0.5780844688415527,330,110
4,0.5833101272583008,330,109
4,0.5870876312255859,330,108
4,0.5917243957519531,330,107
4,0.595106840133667,330,106
4,0.5991272926330566,330,105
4,0.6030783653259277,330,105
4,0.6082859039306641,330,104
4,0.6111032962799072,330,103
4,0.6141085624694824,330,102
4,0.6186027526855469,330,101
4,0.6219875812530518,330,100
4,0.6229617595672607,329,100
4,0.6261546611785889,329,100
4,0.6300606727600098,329,99
4,0.6349475383758545,329,98
4,0.6382417678833008,329,97
4,0.639441728591919,328,97
4,0.6430885791778564,328,96
4,0.6475610733032227,328,95
4,0.6531140804290771,328,95
4,0.6681780815124512,328,94
4,0.7926442623138428,327,94
4,0.7965657711029053,327,95
4,0.799490213394165,326,95
4,0.802386999130249,326,95
4,0.8034036159515381,326,95
4,0.805436372756958,325,95
4,0.806934118270874,325,96
4,0.8079867362976074,324,96
4,0.8089380264282227,324,97
4,0.8109252452850342,323,97
4,0.8130390644073486,323,98
4,0.8140294551849365,322,98
4,0.8160741329193115,321,99
4,0.8176352977752686,321,100
4,0.8179662227630615,321,100
4,0.8200006484985352,320,100
4,0.8221008777618408,320,101
4,0.8231909275054932,319,101
4,0.8241665363311768,319,102
4,0.8250200748443604,318,102
4,0.8270392417907715,317,103
4,0.8289532661437988,316,104
4,0.8299119472503662,316,104
4,0.8309218883514404,316,105
4,0.8318991661071777,315,105
4,0.8329646587371826,315,105
4,0.8341705799102783,314,105
4,0.8349592685699463,314,106
4,0.8359215259552002,313,106
4,0.8368942737579346,313,107
4,0.8379161357879639,311,107
4,0.8388476371765137,311,108
4,0.8398375511169434,310,108
4,0.8408007621765137,310,109
4,0.8418595790863037,309,109
4,0.8427960872650146,309,110
4,0.8438084125518799,308,110
4,0.8448035717010498,308,111
4,0.8457977771759033,307,112
4,0.8468515872955322,307,112
4,0.8479669094085693,307,112
4,0.848914384841919,306,112
4,0.8499276638031006,306,113
4,0.8509726524353027,305,114
4,0.8529226779937744,304,115
4,0.8549060821533203,303,116
4,0.855858325958252,303,117
4,0.8568408489227295,302,117
4,0.8581066131591797,302,118
4,0.8592250347137451,301,119
4,0.8598997592926025,300,119
4,0.8608658313751221,300,119
4,0.8628945350646973,299,120
4,0.8638601303100586,299,121
4,0.8648757934570312,299,122
4,0.8659379482269287,298,122
4,0.8681886196136475,297,123
4,0.8694579601287842,297,124
4,0.8705921173095703,296,124
4,0.8712925910949707,296,125
4,0.872042179107666,295,125
4,0.872976541519165,295,126
4,0.873948335647583,294,126
4,0.8749785423278809,294,127
4,0.8759615421295166,293,127
4,0.8769683837890625,293,128
4,0.8780193328857422,292,129
4,0.878978967666626,292,130
4,0.8811607360839844,292,131
4,0.8820164203643799,291,131
4,0.8831229209899902,291,132
4,0.8851144313812256,289,133
4,0.885955810546875,289,134
4,0.8869354724884033,289,134
4,0.887976884841919,288,134
4,0.890047550201416,287,135
4,0.8909766674041748,287,136
4,0.8925321102142334,286,137
4,0.8943209648132324,285,138
4,0.8952245712280273,285,139
4,0.8960168361663818,285,139
4,0.8980274200439453,284,140
4,0.9000346660614014,284,141
4,0.902146577835083,282,142
4,0.9037065505981445,281,143
4,0.9051945209503174,281,144
4,0.9061322212219238,281,145
4,0.9069945812225342,280,146
4,0.9090337753295898,279,146
4,0.9100344181060791,278,147
4,0.9110579490661621,278,148
4,0.9119987487792969,277,148
4,0.9131841659545898,277,148
4,0.9147610664367676,277,149
4,0.916010856628418,277,150
4,0.9179444313049316,276,151
4,0.9200301170349121,275,151
4,0.9210007190704346,275,152
4,0.9220383167266846,274,153
4,0.922950267791748,274,154
4,0.9241461753845215,273,154
4,0.9252984523773193,273,154
4,0.927053689956665,273,155
4,0.9280352592468262,272,156
4,0.9299347400665283,272,157
4,0.9308500289916992,271,158
4,0.9319157600402832,270,158
4,0.9329237937927246,270,159
4,0.9351167678833008,270,160
4,0.9362454414367676,270,161
4,0.9379372596740723,269,161
4,0.9389209747314453,269,162
4,0.9409048557281494,268,162
4,0.9418630599975586,268,163
4,0.9429125785827637,267,163
4,0.9438955783843994,267,164
4,0.9450051784515381,266,165
4,0.9459192752838135,266,166
4,0.9490022659301758,265,167
4,0.9517254829406738,265,168
4,0.9529373645782471,264,169
4,0.9539740085601807,264,170
4,0.9559943675994873,264,171
4,0.9589953422546387,263,172
4,0.9601681232452393,263,172
4,0.9611411094665527,262,172
4,0.9619476795196533,262,173
4,0.9639739990234375,262,174
4,0.969092845916748,261,176
4,0.9704561233520508,260,177
4,0.9722285270690918,260,177
4,0.9737708568572998,259,177
4,0.9739706516265869,259,178
4,0.9750268459320068,259,178
4,0.9769480228424072,259,179
4,0.9780049324035645,259,180
4,0.9820444583892822,259,181
4,0.9830667972564697,258,182
4,0.9852285385131836,257,182
4,0.9870612621307373,257,183
4,0.9885733127593994,256,184
4,0.9903609752655029,256,185
4,0.9912481307983398,255,185
4,0.9932534694671631,255,186
4,0.9952125549316406,254,187
4,0.9961888790130615,254,188
4,0.9981739521026611,254,188
4,0.9991700649261475,254,188
4,1.0020153522491455,253,188
4,1.0024328231811523,253,189
4,1.0040194988250732,253,190
4,1.005260944366455,252,191
4,1.0061981678009033,252,192
4,1.0081017017364502,251,192
4,1.009047031402588,251,193
4,1.0100531578063965,250,193
4,1.013016939163208,249,193
4,1.0141241550445557,249,194
4,1.0150823593139648,249,195
4,1.0183758735656738,249,196
4,1.0194206237792969,249,196
4,1.0211422443389893,249,197
4,1.0222444534301758,248,197
4,1.023198127746582,248,198
4,1.024064064025879,248,198
4,1.0250589847564697,247,198
4,1.025984525680542,247,199
4,1.0269579887390137,246,199
4,1.030963659286499,246,200
4,1.032987356185913,245,201
4,1.035144329071045,245,202
4,1.0360450744628906,245,203
4,1.0371732711791992,244,203
4,1.0390346050262451,243,203
4,1.042191982269287,243,204
4,1.044241189956665,243,205
4,1.04518461227417,243,206
4,1.0472958087921143,243,207
4,1.0480942726135254,242,207
4,1.0514225959777832,242,208
4,1.0521769523620605,241,208
4,1.0529584884643555,241,209
4,1.0550141334533691,240,209
4,1.055962085723877,240,210
4,1.0569477081298828,239,210
4,1.0590627193450928,239,211
4,1.0598995685577393,238,212
4,1.0618939399719238,238,213
4,1.0629093647003174,238,214
4,1.0649213790893555,238,214
4,1.0678203105926514,237,214
4,1.068009853363037,237,215
4,1.0690274238586426,237,216
4,1.0698869228363037,236,216
4,1.0709197521209717,236,217
4,1.0730314254760742,235,218
4,1.074904441833496,235,219
4,1.0759093761444092,234,219
4,1.0769176483154297,234,220
4,1.0789310932159424,234,220
4,1.0809564590454102,233,221
4,1.0818853378295898,233,222
4,1.0839126110076904,233,222
4,1.0855858325958252,233,223
4,1.0863516330718994,232,223
4,1.0870742797851562,232,224
4,1.0878653526306152,231,225
4,1.0888731479644775,231,226
4,1.0909924507141113,230,226
4,1.0918865203857422,230,226
4,1.0938825607299805,230,227
4,1.0948567390441895,230,228
4,1.0958678722381592,229,228
4,1.0979115962982178,228,229
4,1.0999047756195068,227,230
4,1.1030330657958984,227,231
4,1.1038966178894043,227,231
4,1.1058681011199951,227,232
4,1.1078922748565674,226,232
4,1.108903408050537,226,233
4,1.1098906993865967,225,233
4,1.1119215488433838,224,234
4,1.1140189170837402,224,235
4,1.114922285079956,223,235
4,1.1159238815307617,223,236
4,1.1169085502624512,223,236
4,1.1210205554962158,222,237
4,1.1231231689453125,222,238
4,1.1251518726348877,221,239
4,1.1260581016540527,221,240
4,1.128056526184082,220,240
4,1.1300833225250244,220,241
4,1.1331918239593506,220,241
4,1.13466477394104,219,242
4,1.135782241821289,219,243
4,1.1362667083740234,218,243
4,1.1380505561828613,217,244
4,1.1410422325134277,216,245
4,1.1430530548095703,216,246
4,1.144040584564209,216,247
4,1.14510178565979,216,247
4,1.1471259593963623,216,247
4,1.1481013298034668,215,247
4,1.1500554084777832,215,248
4,1.1511809825897217,214,248
4,1.1530249118804932,214,249
4,1.1538851261138916,213,249
4,1.1548655033111572,213,250
4,1.1559371948242188,213,251
4,1.1589093208312988,212,251
4,1.159921407699585,211,252
4,1.163003921508789,211,252
4,1.1639745235443115,211,254
4,1.1660401821136475,210,255
4,1.169295072555542,210,255
4,1.17110276222229,209,255
4,1.1731367111206055,208,256
4,1.1752049922943115,207,257
4,1.1772339344024658,207,258
4,1.1783447265625,206,259
4,1.182222604751587,206,260
4,1.1833088397979736,205,260
4,1.1857292652130127,205,260
4,1.1861026287078857,205,261
4,1.1882681846618652,204,261
4,1.1893470287322998,204,262
4,1.1911096572875977,203,262
4,1.1920206546783447,203,263
4,1.194368839263916,203,264
4,1.1954283714294434,202,264
4,1.1964781284332275,202,265
4,1.1980879306793213,202,266
4,1.199134349822998,201,266
4,1.2009124755859375,200,266
4,1.204167127609253,200,267
4,1.205190896987915,199,267
4,1.2070951461791992,199,268
4,1.2081408500671387,199,268
4,1.209200143814087,199,269
4,1.2122328281402588,198,269
4,1.2132282257080078,198,270
4,1.2162342071533203,198,271
4,1.2174043655395508,197,271
4,1.2201831340789795,197,271
4,1.2211823463439941,196,271
4,1.2219645977020264,195,272
4,1.22511625289917,194,273
4,1.229207992553711,193,274
4,1.2311642169952393,193,274
4,1.2321159839630127,193,275
4,1.2356929779052734,192,275
4,1.2367157936096191,192,276
4,1.2381999492645264,191,276
4,1.2391455173492432,191,277
4,1.2422211170196533,190,277
4,1.243180513381958,190,277
4,1.245981216430664,190,278
4,1.247194766998291,189,278
4,1.2501709461212158,188,279
4,1.2520902156829834,188,279
4,1.2530033588409424,188,280
4,1.2560818195343018,187,280
4,1.2570266723632812,187,281
4,1.2591290473937988,186,282
4,1.2620866298675537,185,282
4,1.2630889415740967,185,282
4,1.2650282382965088,184,282
4,1.267164707183838,183,283
4,1.2711257934570312,183,284
4,1.272172212600708,183,284
4,1.2731029987335205,183,285
4,1.2750842571258545,182,285
4,1.278015375137329,182,286
4,1.2791199684143066,181,286
4,1.280055284500122,181,287
4,1.281191349029541,180,287
4,1.2861533164978027,179,287
4,1.2907140254974365,178,288
4,1.2930364608764648,178,289
4,1.294982671737671,177,290
4,1.3011045455932617,176,291
4,1.3038382530212402,175,291
4,1.3041296005249023,175,292
4,1.3053619861602783,174,292
4,1.3080930709838867,174,292
4,1.3090436458587646,173,293
4,1.3147785663604736,173,294
4,1.316225290298462,172,294
4,1.3190436363220215,171,294
4,1.320150375366211,171,295
4,1.322188138961792,170,295
4,1.3231029510498047,170,296
4,1.3258135318756104,170,297
4,1.3271853923797607,169,297
4,1.330085277557373,168,297
4,1.3309857845306396,168,298
4,1.332005500793457,168,298
4,1.3339550495147705,168,298
4,1.336186170578003,167,298
4,1.3382809162139893,167,299
4,1.340050458908081,166,300
4,1.3430922031402588,165,300
4,1.344055414199829,165,301
4,1.3450043201446533,164,301
4,1.3493623733520508,164,302
4,1.3503501415252686,163,302
4,1.3541524410247803,163,303
4,1.355170488357544,162,303
4,1.3561618328094482,162,303
4,1.3601796627044678,162,304
4,1.3613016605377197,162,304
4,1.3630425930023193,161,304
4,1.3663651943206787,161,305
4,1.3690619468688965,160,305
4,1.3740808963775635,160,306
4,1.3771741390228271,160,307
4,1.3792321681976318,159,308
4,1.384465217590332,158,308
4,1.3855817317962646,158,308
4,1.3881175518035889,157,308
4,1.391202688217163,157,309
4,1.3951945304870605,157,310
4,1.3980579376220703,157,311
4,1.4011993408203125,156,312
4,1.4093754291534424,155,312
4,1.4105088710784912,155,313
4,1.4191834926605225,155,313
4,1.4262354373931885,154,313
4,1.45035982131958,154,314
4,1.5460758209228516,155,314
4,1.5799939632415771,155,314
4,1.5830051898956299,156,314
4,1.5864808559417725,157,314
4,1.5914969444274902,157,314
4,1.5963459014892578,158,314
4,1.5991730690002441,159,314
4,1.6013000011444092,160,314
4,1.6035473346710205,160,313
4,1.60545015335083,161,313
4,1.61067533493042,162,313
4,1.6127941608428955,162,313
4,1.6151344776153564,163,313
4,1.6187453269958496,164,313
4,1.6221544742584229,165,313
4,1.6252031326293945,166,313
4,1.6273460388183594,167,313
4,1.6312716007232666,167,313
4,1.6342816352844238,168,313
4,1.6382865905761719,169,313
4,1.642029047012329,170,313
4,1.6450440883636475,171,313
4,1.6480741500854492,172,313
4,1.6531257629394531,172,313
4,1.6593248844146729,173,313
4,1.6631443500518799,174,313
4,1.6711833477020264,175,313
4,1.6722514629364014,175,312
4,1.6832911968231201,176,312
4,1.6961681842803955,176,312
4,1.703676462173462,177,312
4,1.7075133323669434,178,312
4,1.7114121913909912,178,312
4,1.7146697044372559,179,312
4,1.7186543941497803,180,311
4,1.7213244438171387,181,311
4,1.7243402004241943,182,311
4,1.72639799118042,183,311
4,1.7291951179504395,183,311
4,1.7321507930755615,184,311
4,1.733912706375122,185,311
4,1.736079454421997,186,311
4,1.7380504608154297,186,311
4,1.7389631271362305,187,311
4,1.7409946918487549,188,311
4,1.743025302886963,188,311
4,1.744931697845459,189,311
4,1.745795726776123,190,310
4,1.747959852218628,191,310
4,1.749828815460205,192,310
4,1.7517752647399902,193,310
4,1.7527198791503906,193,309
4,1.7537505626678467,194,309
4,1.7557623386383057,194,309
4,1.7579174041748047,195,309
4,1.7599949836730957,196,309
4,1.7620079517364502,197,309
4,1.7639896869659424,198,309
4,1.7649877071380615,198,308
4,1.7660233974456787,199,308
4,1.769531488418579,200,308
4,1.7712106704711914,201,308
4,1.7731151580810547,202,308
4,1.7750277519226074,203,308
4,1.7770335674285889,204,308
4,1.7779781818389893,204,308
4,1.7790658473968506,204,307
4,1.7799584865570068,205,307
4,1.782118320465088,206,307
4,1.7839226722717285,207,307
4,1.7851428985595703,208,307
4,1.7858645915985107,208,306
4,1.786869764328003,209,306
4,1.788933515548706,209,306
4,1.789961576461792,210,306
4,1.7929539680480957,211,306
4,1.793320894241333,212,306
4,1.7941803932189941,212,305
4,1.7948930263519287,213,305
4,1.7959074974060059,214,305
4,1.7968370914459229,215,305
4,1.7988650798797607,215,305
4,1.7998640537261963,216,305
4,1.8009083271026611,217,305
4,1.802579402923584,218,305
4,1.80403470993042,219,305
4,1.804992914199829,220,305
4,1.805912971496582,220,305
4,1.8070263862609863,221,305
4,1.8089628219604492,222,305
4,1.8110318183898926,223,305
4,1.8119781017303467,224,305
4,1.812917947769165,225,305
4,1.8150804042816162,225,305
4,1.8169889450073242,226,305
4,1.8189880847930908,227,305
4,1.8192780017852783,228,305
4,1.8209974765777588,229,305
4,1.8240571022033691,230,305
4,1.8251447677612305,230,305
4,1.8263897895812988,231,304
4,1.827141284942627,232,304
4,1.8300879001617432,233,304
4,1.8309907913208008,234,304
4,1.8319833278656006,236,304
4,1.8362300395965576,237,304
4,1.8369805812835693,238,304
4,1.8379640579223633,239,304
4,1.8389027118682861,240,304
4,1.8420956134796143,240,304
4,1.8429625034332275,240,303
4,1.8439764976501465,242,303
4,1.8459889888763428,243,303
4,1.8491201400756836,244,303
4,1.8499186038970947,245,303
4,1.8509047031402588,246,303
4,1.8531434535980225,247,303
4,1.8561692237854004,248,303
4,1.8569767475128174,248,303
4,1.8581058979034424,249,303
4,1.8601925373077393,250,303
4,1.8621537685394287,250,302
4,1.8631408214569092,251,302
4,1.8638956546783447,252,302
4,1.8648681640625,253,302
4,1.8658127784729004,254,302
4,1.8694725036621094,254,302
4,1.871084213256836,255,302
4,1.8720130920410156,256,302
4,1.8730556964874268,257,302
4,1.8749432563781738,258,301
4,1.8770081996917725,259,301
4,1.8779304027557373,259,301
4,1.8790419101715088,260,301
4,1.8799018859863281,261,301
4,1.8829925060272217,262,301
4,1.883967399597168,264,301
4,1.8851630687713623,265,301
4,1.8880345821380615,266,301
4,1.888895034790039,267,301
4,1.889894962310791,267,301
4,1.890944480895996,268,301
4,1.8931734561920166,269,301
4,1.893953561782837,270,301
4,1.8949687480926514,271,301
4,1.895906925201416,272,301
4,1.8979158401489258,272,301
4,1.9000227451324463,274,301
4,1.9027440547943115,275,301
4,1.9040865898132324,276,301
4,1.9049999713897705,277,300
4,1.905928373336792,278,300
4,1.9069490432739258,278,300
4,1.9089796543121338,279,300
4,1.9099068641662598,280,300
4,1.910959243774414,281,300
4,1.9119620323181152,282,300
4,1.9140751361846924,283,300
4,1.9152402877807617,283,300
4,1.9160246849060059,284,300
4,1.9192836284637451,286,300
4,1.9213039875030518,287,300
4,1.9229071140289307,288,300
4,1.9242615699768066,288,300
4,1.9255290031433105,289,300
4,1.92740797996521,290,300
4,1.9281554222106934,291,300
4,1.930008888244629,292,300
4,1.9311494827270508,293,300
4,1.9329299926757812,293,300
4,1.935777187347412,294,300
4,1.937025547027588,295,300
4,1.9382224082946777,296,300
4,1.9398763179779053,297,300
4,1.9422130584716797,298,300
4,1.9436330795288086,300,299
4,1.9449927806854248,301,299
4,1.9482035636901855,302,299
4,1.9500954151153564,302,299
4,1.9524986743927002,303,299
4,1.9529333114624023,304,299
4,1.956827163696289,305,299
4,1.9600985050201416,306,299
4,1.9610350131988525,306,298
4,1.9630377292633057,307,298
4,1.9639265537261963,307,298
4,1.9693820476531982,308,298
4,1.971130132675171,309,298
4,1.9732534885406494,310,298
4,1.975294589996338,311,298
4,1.978226900100708,312,298
4,1.9799394607543945,312,298
4,1.9818198680877686,313,298
4,1.9820952415466309,314,298
4,1.9857091903686523,315,298
4,1.9873948097229004,316,298
4,1.9879376888275146,317,298
4,1.9898664951324463,317,298
4,1.9921419620513916,318,298
4,1.9939777851104736,319,298
4,1.9950802326202393,320,298
4,1.9960429668426514,321,298
4,1.998887538909912,322,298
4,1.9998977184295654,322,298
4,2.0021743774414062,323,298
4,2.0030858516693115,324,298
4,2.0038673877716064,325,298
4,2.0058906078338623,327,298
4,2.0079381465911865,328,298
4,2.0090506076812744,328,298
4,2.0109570026397705,329,298
4,2.0119993686676025,330,298
4,2.013185977935791,331,298
4,2.0143566131591797,332,298
4,2.015901565551758,333,297
4,2.016850709915161,333,297
4,2.018510341644287,334,297
4,2.0187735557556152,335,297
4,2.02085280418396,336,297
4,2.0218160152435303,337,297
4,2.0228328704833984,338,297
4,2.0238046646118164,339,297
4,2.024857521057129,339,297
4,2.0259194374084473,340,297
4,2.026832103729248,341,297
4,2.027799367904663,342,297
4,2.029836893081665,343,297
4,2.030794143676758,344,297
4,2.031826972961426,344,297
4,2.0329065322875977,345,297
4,2.0355758666992188,346,297
4,2.0358903408050537,348,297
4,2.0380189418792725,348,296
4,2.038862705230713,349,296
4,2.0399069786071777,350,296
4,2.0408968925476074,351,296
4,2.0419082641601562,351,296
4,2.0440545082092285,352,296
4,2.0460264682769775,353,296
4,2.04726505279541,355,296
4,2.0500717163085938,356,296
4,2.051292896270752,357,296
4,2.052507162094116,357,295
4,2.0529205799102783,358,295
4,2.054152727127075,359,295
4,2.056039810180664,359,295
4,2.0580523014068604,360,295
4,2.0590665340423584,361,295
4,2.060194730758667,362,294
4,2.061922788619995,363,294
4,2.0650486946105957,364,294
4,2.066321611404419,365,294
4,2.0676214694976807,365,293
4,2.068763494491577,366,293
4,2.0720772743225098,367,293
4,2.0740463733673096,369,293
4,2.078076124191284,370,293
4,2.079210042953491,370,292
4,2.0805609226226807,371,292
4,2.08418345451355,371,292
4,2.0881693363189697,372,292
4,2.092268705368042,373,292
4,2.099346160888672,374,292
4,2.1072771549224854,375,292
4,2.1091256141662598,375,291
4,2.113215446472168,375,291
4,2.117297410964966,376,291
4,2.123549222946167,377,291
4,2.1255619525909424,378,291
4,2.1272976398468018,378,291
4,2.1292495727539062,379,291
4,2.1312365531921387,380,291
4,2.13629150390625,380,291
4,2.1402783393859863,381,291
4,2.1434366703033447,382,290
4,2.1462411880493164,383,290
4,2.151197671890259,384,290
4,2.1552252769470215,385,290
4,2.162379741668701,385,290
4,2.1662678718566895,386,290
4,2.170228958129883,387,290
4,2.172264575958252,387,289
4,2.174262762069702,388,289
4,2.17828631401062,389,289
4,2.183269500732422,390,289
4,2.1863138675689697,390,289
4,2.191288948059082,390,288
4,2.1932737827301025,391,288
4,2.2004294395446777,392,288
4,2.208303213119507,393,288
4,2.215238332748413,394,288
4,2.2245841026306152,394,287
4,2.2257936000823975,394,287
4,2.241560459136963,395,287
4,2.2463676929473877,396,287
4,2.253802537918091,397,287
